min_price,max_price,count,mean_MAE,mean_RMSE,mean_MAPE,mean_MDAE,mean_MDAPE
0,10000,4,417.7742477497423,483.66787169745777,5.080998899413759,406.956422166076,4.931689132093599
10000,20000,675,1280.1811429831455,1466.5769737389473,7.972268214367009,1245.9878548189808,7.8669397917974235
20000,30000,3610,1015.7603414537153,1159.4813717340064,3.7507362596169114,1020.6041943101508,3.755385798569908
30000,40000,1355,2132.196442712766,2520.4995337063933,5.991020110392821,1937.139773111443,5.470095324290802
40000,50000,1440,3586.321959325387,4076.866478222755,8.208774468035237,3528.3027025893575,8.074114562956792
50000,60000,599,3822.9601348850997,4448.0408067589415,7.225971192605448,3615.8137294500384,6.8125236016872215
60000,70000,852,6026.282412715068,6733.392429719669,9.33394801991689,6013.57045857825,9.367893569368906
70000,80000,870,5361.372598414671,6070.76691982984,7.2442410745095085,5193.021649097596,6.986683787468798
80000,90000,926,6043.597313438545,6854.185182666514,6.601560541113983,6035.7706971059415,6.478263847237454
90000,100000,277,7707.621859844621,8698.933821438886,8.140541246789512,7511.231525036818,7.921162827476325
100000,110000,858,5909.128958355826,6662.528300254179,5.839031700262246,5708.581058033056,5.662621962778128
110000,120000,309,9217.926905886576,10680.322499601616,7.713462427357264,8902.786419898606,7.400756432966278
120000,130000,207,10202.773197698667,11676.794468378012,7.893558807449529,9562.266692983289,7.353236975455433
130000,140000,173,9280.314429510538,11037.792079950303,7.06023069086656,9321.93219924127,7.087679074084879
140000,150000,3095,16018.922075846238,26541.076729305732,8.481061265103445,12280.712260003445,7.435961592752636
150000,160000,1796,19786.06828831394,35060.298658834035,9.230021210639753,12157.394388672003,7.297313798423286
160000,170000,143,7676.428531820993,9014.652704364986,4.806968035828816,7237.996772076771,4.581999690818254
170000,180000,142,14178.980202194343,15834.479427941678,8.342854940056187,14214.57591000722,8.109874068854204
180000,190000,206,18168.525009133707,20617.814391409607,9.685551238985234,17076.783317210204,8.520033658588957
190000,200000,86,15608.250468325246,17947.11473069478,8.298493177748094,14556.766060072618,7.728588998866679
200000,210000,75,23328.23528621452,25881.051299826562,11.519716546319529,23430.46966297701,11.675570372855011
210000,220000,50,17916.112546624747,21437.723266335874,9.065162224159707,16175.79726235718,7.755232277969912
220000,230000,193,16220.385551242382,18391.72776137717,6.856355524666499,14961.173568230426,6.257424923426579
230000,240000,72,21632.254250344446,24870.73962952412,8.670505510425098,20607.571215871423,8.297382014223352
240000,250000,58,21916.76027842828,24869.681472609805,8.092701154567132,21243.746714290297,7.789010859800999
250000,260000,40,24492.64210903938,27464.14306823311,8.52848324913187,22737.74969798743,7.5911859966639295
260000,270000,63,16990.73973405886,20023.465030296706,6.59618686540538,14836.053206698463,5.8501020514129145
270000,280000,68,22906.35116553926,25214.792688373236,8.725754089448305,22525.110932587424,8.623778447775805
280000,290000,24,21492.276104843666,25785.883552714135,7.902759991031132,21110.564424541066,7.8806277949825185
290000,300000,41,29576.540707847507,34856.4451373181,8.79373485800503,28351.567576695546,7.638589700145091
300000,310000,104,26470.12584127145,31135.740517923823,7.986884913272897,24684.989315722025,7.184810161518431
310000,320000,41,17257.37512988691,20916.617206294934,5.436595778126813,14063.820065321566,4.434588479185551
320000,330000,33,19904.66287715276,23444.702233789238,5.169141461547872,18765.429707856616,4.836034755954194
330000,340000,44,48009.66367365958,53031.562859440615,13.563805609322797,49153.127534132385,12.723940045600024
340000,350000,23,96031.68750095254,107617.08592955045,23.692390193815942,99552.57502317066,18.39342533877232
350000,360000,38,32908.66066853736,37761.24002072003,6.60049738116619,29866.563393445704,5.916413471856859
360000,370000,60,51815.82243883614,58464.55016626569,13.371287981679957,51654.24609933421,12.877762110656903
370000,380000,39,66388.5428679537,77038.80031058678,15.733995737785603,67239.56313988492,12.080070112397806
380000,390000,20,52151.908794466275,59316.284768052006,10.437982917685703,49704.33178669085,10.013748936728877
390000,400000,30,85023.80021410283,97182.17736946789,17.262503139516074,83678.87412555446,17.057476816899307
400000,410000,32,91344.5524715829,101449.00597675277,17.630473532892058,92773.70234302504,17.831961804521818
410000,420000,13,38853.64180285181,43941.59569769889,6.146067904662345,35427.19338024224,5.648840934601823
420000,430000,35,55003.72960249816,62085.66217892013,10.972412756692757,51577.823769852715,10.522059481259916
430000,440000,24,89133.61043749207,99742.26414354471,21.75715394482853,96692.19243317674,21.722443708284604
440000,450000,32,86061.8141250193,93022.90445733652,16.885029344856648,83829.65972884843,16.316213731621204
450000,460000,43,39280.433901460114,43330.031013527376,7.890615355217508,36757.372232818125,7.289220362761623
460000,470000,26,102846.31130844384,113540.88068430827,19.36535960569718,101889.48111292446,19.726041970458656
470000,480000,11,69491.17347417456,79947.78404700299,13.658722456678941,69304.8817982705,13.957335277734801
480000,490000,14,82014.33065322704,96355.65940245065,15.875015534847924,71522.0279608726,13.667919751278873
490000,500000,20,69428.34337590207,76726.06630331297,14.057458749767145,72298.30019059163,14.794994191453608
500000,510000,17,30302.649056529735,36632.96830582692,5.850290033262503,27592.220941337644,5.536878575115036
510000,520000,10,30984.859578161257,35346.54409289947,5.514706769539685,29304.037888208713,5.261625874031731
520000,530000,20,73788.88824720666,80107.14907587058,13.054753874395809,72864.51607448133,13.040561156458551
530000,540000,15,118432.67304637643,125338.68835926385,20.465184090421236,119957.62428841865,21.550946503120997
540000,550000,12,38165.22432119587,44450.98714623909,7.128237222473001,36428.42346671375,6.8091100482283515
550000,560000,18,56576.72224250485,61674.87162558681,9.388502973449313,52780.625958724115,9.374365749007813
560000,570000,15,119955.53818184254,130538.09723505234,21.459845136878055,129838.95184631547,23.106075789611836
570000,580000,12,49737.441896972836,63191.9103337475,8.401509844788071,39609.082506520695,7.2220427086372405
580000,590000,16,70934.03824260154,76367.23761553408,11.955218735962855,70883.8724546704,12.014920443843131
590000,600000,12,80610.91442867606,88575.10960070987,13.97038423000289,84821.60803304618,14.702654509062539
600000,610000,13,41101.75594360639,47161.99025530771,7.093007242060152,45688.80104673812,7.9020969394452045
610000,620000,46,86397.51700337246,106631.6265079318,14.157147970771586,80879.9286119997,12.769144115169734
620000,630000,24,79027.39449252472,89040.98079432202,12.97419607454019,83008.18292568879,13.818406480898178
630000,640000,15,61662.87338716812,76283.95997104152,10.324104734838793,54057.41205508581,8.60545552688406
640000,650000,9,57965.94364986129,67117.65471618829,8.396351357212893,55818.08638220302,7.83881196865365
650000,660000,18,97194.87524121281,102399.23105723025,15.225384798960013,99705.40962972712,15.736271155984955
660000,670000,9,122208.68087638741,131520.32952507885,19.276869879723378,127809.95440444526,20.145167716215784
670000,680000,8,56550.360002069756,71112.00592238916,8.275772112463482,51467.54362708206,7.526061880772646
680000,690000,13,89254.46226385442,97383.80679297817,12.849239053528484,90763.86967074442,13.324723917567676
690000,700000,10,91697.44168903254,101557.76754913866,13.662910335974223,98257.81476569091,14.64124714131735
700000,710000,6,72964.86295331079,83480.63898575802,10.067737493176791,72190.85745355325,10.387362964396187
710000,720000,8,120719.34190244887,136178.79636762093,17.101596107195647,122425.51748036785,17.558433013009292
720000,730000,11,73427.42114200337,80656.71380915768,10.463769256084044,77825.86818886988,11.126485001726053
730000,740000,11,180251.38515403445,191880.8947954987,26.391422287459786,192459.59433832328,29.05186469817876
740000,750000,8,174640.63055714953,184774.86730043453,26.441971860202564,170908.94622254852,25.90894109746407
750000,760000,13,180126.11543797623,197338.1359124596,25.447229270068803,191990.13895949608,27.369415470130352
760000,770000,4,105671.4567157747,120624.80260422533,14.199877077801883,115071.70857233652,15.340141413709162
770000,780000,3,105654.97249438509,117970.74574658439,12.978761688071723,95391.06144082673,12.479207409841278
780000,790000,14,78176.12214702062,88253.49064651107,10.072846560565791,79654.92892639631,10.429845436413038
790000,800000,9,349574.84115803975,365930.440133231,51.365490300713155,368577.6220990654,55.21026940250434
800000,810000,4,88899.86014493597,94971.04622792249,10.960890306272615,85915.02961806643,11.042004451441676
810000,820000,10,416778.29173503135,438217.3176041584,59.927281017621,417009.355986547,62.03065136816973
820000,830000,8,121621.17197101329,138405.2001226253,15.16574515364384,135250.01649196303,17.065193653371566
830000,840000,1,142421.47966761116,149894.3621816302,19.045198348799573,141572.28525306733,18.816093202162058
840000,850000,11,548327.7932353473,570077.3215852681,78.52312264372304,557812.0382100275,84.6793366217701
850000,860000,11,352228.5072834772,368025.33602514095,52.04036026258212,365180.64293976594,55.05196983166122
860000,870000,7,107235.20411703107,125146.49428916877,12.435262712821308,102961.45686142144,12.218975230611267
870000,880000,5,141066.05676590768,159663.2058730913,16.168061584940624,136272.8748829151,16.090176755851424
880000,890000,8,460928.3028989516,475843.36827343155,65.49063891036081,456940.99485585146,64.89513481649243
890000,900000,3,129258.92988901358,149446.61381324453,14.667223233218126,143596.2970408238,16.693648679145088
900000,910000,8,347652.346860867,386373.4645074064,42.06122753960754,299349.96362824354,41.31461245232715
910000,920000,9,133947.60859634928,146941.90756890678,14.465948005942513,136234.30762622991,15.091639199834539
920000,930000,4,153786.497074773,163140.49604415972,17.317665504515254,161597.88642900778,18.124853149186396
930000,940000,7,693529.7138030604,708560.9471591179,102.95078846518932,690875.9431432668,105.79507552864597
940000,950000,13,375255.2778977319,388767.3796621413,53.27672401057559,377418.58204274037,53.941860324020276
950000,960000,7,149035.31145189653,165688.26314557515,16.22734047785451,171559.61288453054,18.663262523131984
960000,970000,6,496895.3852087541,517646.9874488653,67.75555369339686,529550.8984770535,76.12268196788519
970000,980000,7,114391.8431211276,122620.58459872061,12.042611407074967,116477.34870832732,12.13657570486535
980000,990000,9,212957.32046155972,236687.4162323262,22.107374567207547,236459.76788639257,24.329076426670937
990000,1000000,6,118007.42276244894,129435.46721617157,12.103928472856198,120075.79393571701,12.381554787378752
1000000,1010000,7,128749.55473308245,147049.0764608434,12.8785997412909,128560.97350697972,12.908522253309636
1010000,1020000,6,244318.56095641162,271228.7789508041,24.932374825737313,275879.5185089647,28.048560030578695
1020000,1030000,4,851727.3702417404,878667.6020504714,124.79385187099054,892053.2936769624,131.45813030455335
1030000,1040000,9,29681.515565323658,35788.20014640843,3.4692937501639407,29879.21863033314,3.605159791528857
1040000,1050000,2,32146.23055375125,33798.206324603816,3.1698953581252876,30057.88437222346,2.969515449124954
1050000,1060000,2,952126.8068205756,975883.194154445,146.45831229340885,1001232.6812770253,157.82136169106906
1060000,1070000,3,989394.7177463492,1007751.9486658993,148.9390900899598,953933.1585909189,147.57087766628726
1070000,1080000,0,,,,,
1080000,1090000,2,57594.968020515014,93045.98703399843,4.71576406630966,27926.92104592017,2.592390462336529
1090000,1100000,0,,,,,
1100000,1110000,1,105733.12151369917,115443.60984727497,8.861307535509484,94203.27224333538,7.89501108308208
1110000,1120000,0,,,,,
1120000,1130000,0,,,,,
1130000,1140000,1,213082.74649703363,223816.97434194657,17.69227678376012,228976.49820647947,19.141782916827303
1140000,1150000,1,5188.167858875651,11589.622582561558,0.4433811411238192,1829.5155757121975,0.15285450544842488
1150000,1160000,1,83922.28603237798,116893.58216820075,7.148855950276248,62514.88811795483,4.826026716441875
1160000,1170000,1,39931.13053433575,64111.86837834851,3.46257700760497,27710.691622633953,2.269322055739411
1170000,1180000,0,,,,,
1180000,1190000,2,27404.013691308384,30228.11133838145,2.343881940705173,23937.794955392077,2.0497745974698907
1190000,1200000,1,1583893.7126041038,1671850.6213335618,130.4491691093893,1481305.935612632,133.85542533857867
1200000,1210000,0,,,,,
1210000,1220000,0,,,,,
1220000,1230000,0,,,,,
1230000,1240000,0,,,,,
1240000,1250000,1,48581.71733689442,70532.19761547059,4.12538898100626,31865.290290716453,2.566883380918032
1250000,1260000,0,,,,,
1260000,1270000,1,38268.50789369837,44019.47751248418,2.91790184881276,37462.95016359142,2.831880728973575
1270000,1280000,0,,,,,
1280000,1290000,0,,,,,
1290000,1300000,0,,,,,
1300000,1310000,0,,,,,
1310000,1320000,2,23172.229914893578,28018.40569700088,1.7562284777910322,20348.756551656872,1.5373347606346206
1320000,1330000,0,,,,,
1330000,1340000,0,,,,,
1340000,1350000,0,,,,,
1350000,1360000,1,11909.053815457288,16614.451180823395,0.8466945219633423,7604.217086775694,0.5336292692474172
1360000,1370000,0,,,,,
1370000,1380000,0,,,,,
1380000,1390000,1,7816.897970257222,11626.776366845523,0.5401045122469427,5588.422553259181,0.38198376987417504
1390000,1400000,0,,,,,
1400000,1410000,3,31647.423196526874,37235.749501035934,2.407461914171082,29206.80552744206,2.238059551921991
1410000,1420000,1,128000.42061768235,137829.26066986207,9.707842528896828,128048.11031103483,9.690336787576422
1420000,1430000,0,,,,,
1430000,1440000,0,,,,,
1440000,1450000,0,,,,,
1450000,1460000,0,,,,,
1460000,1470000,0,,,,,
1470000,1480000,0,,,,,
1480000,1490000,0,,,,,
1490000,1500000,0,,,,,
1500000,1510000,1,36216.920559075006,45820.524931874344,2.340637062335406,33263.223136805,2.1223264937666686
1510000,1520000,0,,,,,
1520000,1530000,0,,,,,
1530000,1540000,1,10946.490759516157,40514.97714874664,0.7968699400672965,297.6413164830301,0.019458768075511904
1540000,1550000,0,,,,,
1550000,1560000,22,79436.4981059665,82961.5669078104,5.431592974402423,78372.78736789666,5.343211030028933
1560000,1570000,5,144957.57522165502,148271.84715606857,9.89091100463871,146494.58072904407,9.96155179716062
1570000,1580000,0,,,,,
1580000,1590000,1,10680.06767703493,16585.691572260523,0.6469539986514071,6551.669254420325,0.39229203367584725
1590000,1600000,0,,,,,
1600000,1610000,0,,,,,
1610000,1620000,0,,,,,
1620000,1630000,0,,,,,
1630000,1640000,0,,,,,
1640000,1650000,22,78252.04952228063,81669.63146596869,4.958160977024523,77634.25976271257,4.891470268650824
1650000,1660000,33,77214.19665368008,81995.00805909025,4.886428303852859,76917.97436350893,4.848261025991607
1660000,1670000,1,90356.58297266961,105181.57378716399,5.674106477111681,119050.82806011895,7.4950156169805435
1670000,1680000,0,,,,,
1680000,1690000,0,,,,,
1690000,1700000,0,,,,,
1700000,1710000,1,10785.95659971192,18982.953258542464,0.6166566867220803,3889.8277224900667,0.21880007438913637
1710000,1720000,0,,,,,
1720000,1730000,0,,,,,
1730000,1740000,0,,,,,
1740000,1750000,0,,,,,
1750000,1760000,0,,,,,
1760000,1770000,0,,,,,
1770000,1780000,1,5816.801079967565,13686.96259638248,0.3190553886165326,1931.9105112920515,0.10423602629179084
1780000,1790000,1,11108.00122369145,19552.62621262668,0.6037951730222098,4752.2650160552,0.2531570965296825
1790000,1800000,1,8233.675883373606,9862.072649016562,0.4355948202736654,6960.71103639924,0.36745557917960403
1800000,1810000,0,,,,,
1810000,1820000,0,,,,,
1820000,1830000,0,,,,,
1830000,1840000,0,,,,,
1840000,1850000,0,,,,,
1850000,1860000,0,,,,,
1860000,1870000,0,,,,,
1870000,1880000,0,,,,,
1880000,1890000,0,,,,,
1890000,1900000,0,,,,,
1900000,1910000,0,,,,,
1910000,1920000,0,,,,,
1920000,1930000,0,,,,,
1930000,1940000,0,,,,,
1940000,1950000,0,,,,,
1950000,1960000,0,,,,,
1960000,1970000,0,,,,,
1970000,1980000,0,,,,,
1980000,1990000,0,,,,,
1990000,2000000,1,29274.062473539314,31917.784521368343,1.5598197289716165,28344.0784931886,1.4988936273500053
2000000,2010000,0,,,,,
2010000,2020000,0,,,,,
2020000,2030000,0,,,,,
2030000,2040000,0,,,,,
2040000,2050000,0,,,,,
2050000,2060000,0,,,,,
2060000,2070000,1,8269.312745708381,18971.54946437593,0.39330268741989216,3019.1884392441716,0.14074814410722908
2070000,2080000,0,,,,,
2080000,2090000,0,,,,,
2090000,2100000,0,,,,,
2100000,2110000,0,,,,,
2110000,2120000,0,,,,,
2120000,2130000,0,,,,,
2130000,2140000,0,,,,,
2140000,2150000,0,,,,,
2150000,2160000,0,,,,,
2160000,2170000,0,,,,,
2170000,2180000,0,,,,,
2180000,2190000,0,,,,,
2190000,2200000,0,,,,,
2200000,2210000,0,,,,,
2210000,2220000,0,,,,,
2220000,2230000,0,,,,,
2230000,2240000,0,,,,,
2240000,2250000,0,,,,,
2250000,2260000,0,,,,,
2260000,2270000,0,,,,,
2270000,2280000,0,,,,,
2280000,2290000,0,,,,,
2290000,2300000,0,,,,,
2300000,2310000,0,,,,,
2310000,2320000,0,,,,,
2320000,2330000,0,,,,,
2330000,2340000,0,,,,,
2340000,2350000,0,,,,,
2350000,2360000,0,,,,,
2360000,2370000,0,,,,,
2370000,2380000,1,11242.546542707407,25642.127193984266,0.4660184332926496,3273.069614631124,0.13251830497717007
2380000,2390000,1,17500.27203788876,24477.687317547763,0.7285405286161591,12508.22467287071,0.5207203976883024
2390000,2400000,0,,,,,
2400000,2410000,0,,,,,
2410000,2420000,0,,,,,
2420000,2430000,0,,,,,
2430000,2440000,0,,,,,
2440000,2450000,0,,,,,
2450000,2460000,0,,,,,
2460000,2470000,0,,,,,
2470000,2480000,0,,,,,
2480000,2490000,0,,,,,
2490000,2500000,0,,,,,
2500000,2510000,0,,,,,
2510000,2520000,0,,,,,
2520000,2530000,0,,,,,
2530000,2540000,0,,,,,
2540000,2550000,0,,,,,
2550000,2560000,0,,,,,
2560000,2570000,0,,,,,
2570000,2580000,0,,,,,
2580000,2590000,0,,,,,
2590000,2600000,0,,,,,
2600000,2610000,0,,,,,
2610000,2620000,0,,,,,
2620000,2630000,0,,,,,
2630000,2640000,0,,,,,
2640000,2650000,0,,,,,
2650000,2660000,0,,,,,
2660000,2670000,0,,,,,
2670000,2680000,0,,,,,
2680000,2690000,0,,,,,
2690000,2700000,0,,,,,
2700000,2710000,0,,,,,
2710000,2720000,0,,,,,
2720000,2730000,0,,,,,
2730000,2740000,0,,,,,
2740000,2750000,1,7421.126554216692,12847.811557179655,0.2669554316618588,3637.545529337134,0.13010750158584786
2750000,2760000,0,,,,,
2760000,2770000,0,,,,,
2770000,2780000,0,,,,,
2780000,2790000,1,544219.3156003011,784910.2885898267,14.635330761964124,189247.6831360301,7.373765171869476
2790000,2800000,0,,,,,
2800000,2810000,1,661431.7286748128,878342.6237366389,17.51145719306052,202868.40219028154,7.9044769994265165
2810000,2820000,1,773917.7548438732,1018500.2214763233,19.807519315523482,771447.0064148956,20.26171078144207
2820000,2830000,2,788130.0151943677,1006859.8706941989,20.297173234096178,1315028.9594299998,33.089153761117124
2830000,2840000,4,745134.7158566458,958206.2594088863,19.04021446192272,1084692.109185569,27.680396924660485
2840000,2850000,2,808097.2033677428,1002483.4562809223,20.788948420703118,1280530.745617989,31.86246886259644
2850000,2860000,2,897837.3064219623,1087010.0213421227,22.855366200143287,1384906.9177770736,33.918025955207405
2860000,2870000,3,912350.4664858842,1099684.0126460055,23.124758581076673,1352244.4017756295,33.50059311702669
2870000,2880000,6,1008566.9010401677,1184172.406813057,25.36029599335013,1431044.6328846936,35.15383730344692
2880000,2890000,4,1010350.6919378501,1167183.7983067478,25.38641040057306,1386860.1452159127,33.98529972849338
2890000,2900000,2,1127002.6752136108,1271247.1610206917,28.156089367409578,1462417.337210408,35.88903358383075
2900000,2910000,0,,,,,
2910000,2920000,2,895324.6116262465,1112326.1894997095,21.9769040356775,805932.7807196246,20.29409220606907
2920000,2930000,0,,,,,
2930000,2940000,2,971702.2788933387,1163463.279575072,23.88022760100823,821762.3237584818,20.608627771926095
2940000,2950000,0,,,,,
2950000,2960000,0,,,,,
2960000,2970000,1,760875.6451962187,1008421.9170623638,18.241299990457346,1272723.014490141,30.710394583716365
2970000,2980000,2,796217.8064100768,1024735.378680595,19.102365253349248,1282777.6740102763,30.78863464886416
2980000,2990000,6,853606.1622706511,1071561.9774383397,20.41577893935693,1337714.8633939025,31.817765559699495
2990000,3000000,2,886109.0139916516,1084973.3510463974,21.2093781001881,1322423.663284947,31.403875052304343
3000000,3010000,6,951863.6705090607,1137605.600542786,22.658870821215544,1385256.6256467428,32.54832297102309
3010000,3020000,2,999749.8275949996,1176701.7193874153,23.767177972713192,1406168.51774451,33.03967381918492
3020000,3030000,0,,,,,
3030000,3040000,5,1128787.890398053,1263746.5736435,26.74636872966986,1427317.684715712,33.53659973486165
3040000,3050000,1,1187924.965034469,1310027.8528368254,28.110107937439277,1456166.1935488116,34.21443123939877
3050000,3060000,0,,,,,
3060000,3070000,0,,,,,
3070000,3080000,0,,,,,
3080000,3090000,0,,,,,
3090000,3100000,1,1373626.745989122,1394812.8837870848,32.463786211901215,1432975.585533259,33.66953913377018
3100000,3110000,1,13015.090160307524,33308.84162721268,0.41883455608166104,2640.062216259539,0.08270871604823118
3110000,3120000,1,14901.395331889871,32491.928791047838,0.4776297763636616,3164.6441847630776,0.09914298824445732
3120000,3130000,0,,,,,
3130000,3140000,0,,,,,
3140000,3150000,0,,,,,
3150000,3160000,0,,,,,
3160000,3170000,1,2220.573307973083,2487.5037275505556,0.06946889748077847,2038.8158732999582,0.06378275843265942
3170000,3180000,0,,,,,
3180000,3190000,0,,,,,
3190000,3200000,0,,,,,
3200000,3210000,0,,,,,
3210000,3220000,0,,,,,
3220000,3230000,0,,,,,
3230000,3240000,0,,,,,
3240000,3250000,0,,,,,
3250000,3260000,0,,,,,
3260000,3270000,0,,,,,
3270000,3280000,0,,,,,
3280000,3290000,0,,,,,
3290000,3300000,0,,,,,
3300000,3310000,0,,,,,
3310000,3320000,0,,,,,
3320000,3330000,0,,,,,
3330000,3340000,0,,,,,
3340000,3350000,0,,,,,
3350000,3360000,0,,,,,
3360000,3370000,0,,,,,
3370000,3380000,0,,,,,
3380000,3390000,0,,,,,
3390000,3400000,0,,,,,
3400000,3410000,0,,,,,
3410000,3420000,0,,,,,
3420000,3430000,0,,,,,
3430000,3440000,0,,,,,
3440000,3450000,0,,,,,
3450000,3460000,0,,,,,
3460000,3470000,0,,,,,
3470000,3480000,0,,,,,
3480000,3490000,0,,,,,
3490000,3500000,0,,,,,
3500000,3510000,0,,,,,
3510000,3520000,0,,,,,
3520000,3530000,0,,,,,
3530000,3540000,0,,,,,
3540000,3550000,0,,,,,
3550000,3560000,0,,,,,
3560000,3570000,0,,,,,
3570000,3580000,0,,,,,
3580000,3590000,0,,,,,
3590000,3600000,0,,,,,
3600000,3610000,0,,,,,
3610000,3620000,0,,,,,
3620000,3630000,0,,,,,
3630000,3640000,0,,,,,
3640000,3650000,0,,,,,
3650000,3660000,0,,,,,
3660000,3670000,0,,,,,
3670000,3680000,0,,,,,
3680000,3690000,0,,,,,
3690000,3700000,0,,,,,
3700000,3710000,0,,,,,
3710000,3720000,0,,,,,
3720000,3730000,0,,,,,
3730000,3740000,0,,,,,
3740000,3750000,0,,,,,
3750000,3760000,0,,,,,
3760000,3770000,0,,,,,
3770000,3780000,0,,,,,
3780000,3790000,0,,,,,
3790000,3800000,0,,,,,
3800000,3810000,0,,,,,
3810000,3820000,0,,,,,
3820000,3830000,0,,,,,
3830000,3840000,0,,,,,
3840000,3850000,0,,,,,
3850000,3860000,0,,,,,
3860000,3870000,0,,,,,
3870000,3880000,0,,,,,
3880000,3890000,0,,,,,
3890000,3900000,0,,,,,
3900000,3910000,0,,,,,
3910000,3920000,0,,,,,
3920000,3930000,1,134015.19070372137,142264.00423365113,3.439117221867332,113214.04593563057,2.878567148121804
3930000,3940000,6,98585.70948686109,110002.22033087461,2.5336351179587786,79035.79058901423,2.009554807755256
3940000,3950000,12,82479.81108023133,93231.26441316532,2.1213578649890947,69480.69090619915,1.766607955916581
3950000,3960000,10,80144.65828995264,90255.06591282226,2.0552771744421596,74464.84074659753,1.8933343693515774
3960000,3970000,1,29189.01773349324,36139.4513319832,0.7464538369610522,31463.443556162994,0.7999858519237985
3970000,3980000,1,940551.4494834429,1287572.5111260312,16.840642889168503,890970.5139523109,16.573190665306093
3980000,3990000,2,1014645.2797368944,1340118.2028744714,18.09359691300864,1706375.0493800365,30.642154159176712
3990000,4000000,5,1035329.452228359,1363793.539581394,18.50246009536996,1741137.203818528,31.198573190363227
4000000,4010000,2,1102889.7453341912,1393903.5201131147,19.692268356850512,1704964.4325497278,30.534722488870393
4010000,4020000,2,1129534.7993281842,1419429.23109427,20.09426135212136,1782469.5308228806,31.49450027729481
4020000,4030000,3,1204015.48698732,1467670.113965176,21.422786577938485,1801397.5588939514,31.71616682585044
4030000,4040000,2,1300421.6093981783,1566107.695069681,23.000376712053495,1910407.974301943,33.404580771147806
4040000,4050000,4,1307273.0782143427,1562171.589122685,23.140991798777257,1894988.6642384562,33.13496527781878
4050000,4060000,2,1345961.1748196937,1578093.3664897368,23.787990450435714,1871729.5183897843,32.728265752575346
4060000,4070000,0,,,,,
4070000,4080000,1,1447892.6705974361,1621232.4675404208,25.618304964785604,1856041.1184244016,32.45394506774614
4080000,4090000,2,1538473.080931044,1724876.0935200644,27.091811378766696,1951184.0958597115,34.11757467843525
4090000,4100000,3,1561896.0552696856,1730111.8920876423,27.513277218646312,1934630.075904349,33.82811813086814
4100000,4110000,0,,,,,
4110000,4120000,0,,,,,
4120000,4130000,0,,,,,
4130000,4140000,0,,,,,
4140000,4150000,0,,,,,
4150000,4160000,0,,,,,
4160000,4170000,1,2012802.1083580812,2013277.1846561835,35.316664525162835,2015139.6044270662,35.23587348185113
4170000,4180000,0,,,,,
4180000,4190000,0,,,,,
4190000,4200000,0,,,,,
4200000,4210000,0,,,,,
4210000,4220000,0,,,,,
4220000,4230000,1,367944.896907039,399542.47336240654,8.390989667207274,349470.2285295008,7.969674538871169
4230000,4240000,0,,,,,
4240000,4250000,0,,,,,
4250000,4260000,1,10356.03881938451,12111.954566488303,0.23616964240329558,11191.777641680557,0.25522868054003556
4260000,4270000,0,,,,,
4270000,4280000,0,,,,,
4280000,4290000,0,,,,,
4290000,4300000,0,,,,,
4300000,4310000,0,,,,,
4310000,4320000,0,,,,,
4320000,4330000,0,,,,,
4330000,4340000,0,,,,,
4340000,4350000,0,,,,,
4350000,4360000,0,,,,,
4360000,4370000,0,,,,,
4370000,4380000,0,,,,,
4380000,4390000,0,,,,,
4390000,4400000,0,,,,,
4400000,4410000,0,,,,,
4410000,4420000,0,,,,,
4420000,4430000,1,383386.83163592505,386931.77999108663,9.192165331253598,394034.93694568984,9.447466599829525
4430000,4440000,0,,,,,
4440000,4450000,0,,,,,
4450000,4460000,0,,,,,
4460000,4470000,0,,,,,
4470000,4480000,0,,,,,
4480000,4490000,1,769918.7118514369,916745.7992154588,18.399066619043488,1018045.3007771061,24.82976758559806
4490000,4500000,0,,,,,
4500000,4510000,0,,,,,
4510000,4520000,0,,,,,
4520000,4530000,0,,,,,
4530000,4540000,0,,,,,
4540000,4550000,0,,,,,
4550000,4560000,0,,,,,
4560000,4570000,0,,,,,
4570000,4580000,1,26537.499576621427,40667.56779966215,0.5763937242073789,12495.822747369763,0.2679666912714394
4580000,4590000,0,,,,,
4590000,4600000,0,,,,,
4600000,4610000,0,,,,,
4610000,4620000,0,,,,,
4620000,4630000,0,,,,,
4630000,4640000,0,,,,,
4640000,4650000,0,,,,,
4650000,4660000,0,,,,,
4660000,4670000,0,,,,,
4670000,4680000,0,,,,,
4680000,4690000,0,,,,,
4690000,4700000,0,,,,,
4700000,4710000,0,,,,,
4710000,4720000,0,,,,,
4720000,4730000,0,,,,,
4730000,4740000,0,,,,,
4740000,4750000,0,,,,,
4750000,4760000,0,,,,,
4760000,4770000,0,,,,,
4770000,4780000,0,,,,,
4780000,4790000,0,,,,,
4790000,4800000,0,,,,,
4800000,4810000,0,,,,,
4810000,4820000,0,,,,,
4820000,4830000,0,,,,,
4830000,4840000,0,,,,,
4840000,4850000,0,,,,,
4850000,4860000,0,,,,,
4860000,4870000,0,,,,,
4870000,4880000,0,,,,,
4880000,4890000,0,,,,,
4890000,4900000,0,,,,,
4900000,4910000,0,,,,,
4910000,4920000,0,,,,,
4920000,4930000,0,,,,,
4930000,4940000,0,,,,,
4940000,4950000,0,,,,,
4950000,4960000,0,,,,,
4960000,4970000,0,,,,,
4970000,4980000,0,,,,,
4980000,4990000,0,,,,,
4990000,5000000,0,,,,,
5000000,5010000,0,,,,,
5010000,5020000,0,,,,,
5020000,5030000,0,,,,,
5030000,5040000,0,,,,,
5040000,5050000,0,,,,,
5050000,5060000,0,,,,,
5060000,5070000,0,,,,,
5070000,5080000,0,,,,,
5080000,5090000,0,,,,,
5090000,5100000,0,,,,,
5100000,5110000,0,,,,,
5110000,5120000,0,,,,,
5120000,5130000,0,,,,,
5130000,5140000,0,,,,,
5140000,5150000,0,,,,,
5150000,5160000,0,,,,,
5160000,5170000,0,,,,,
5170000,5180000,0,,,,,
5180000,5190000,0,,,,,
5190000,5200000,0,,,,,
5200000,5210000,0,,,,,
5210000,5220000,0,,,,,
5220000,5230000,0,,,,,
5230000,5240000,0,,,,,
5240000,5250000,0,,,,,
5250000,5260000,0,,,,,
5260000,5270000,0,,,,,
5270000,5280000,0,,,,,
5280000,5290000,0,,,,,
5290000,5300000,0,,,,,
5300000,5310000,0,,,,,
5310000,5320000,0,,,,,
5320000,5330000,0,,,,,
5330000,5340000,0,,,,,
5340000,5350000,0,,,,,
5350000,5360000,0,,,,,
5360000,5370000,0,,,,,
5370000,5380000,0,,,,,
5380000,5390000,0,,,,,
5390000,5400000,0,,,,,
5400000,5410000,0,,,,,
5410000,5420000,0,,,,,
5420000,5430000,0,,,,,
5430000,5440000,0,,,,,
5440000,5450000,0,,,,,
5450000,5460000,0,,,,,
5460000,5470000,0,,,,,
5470000,5480000,0,,,,,
5480000,5490000,0,,,,,
5490000,5500000,0,,,,,
5500000,5510000,0,,,,,
5510000,5520000,0,,,,,
5520000,5530000,0,,,,,
5530000,5540000,0,,,,,
5540000,5550000,0,,,,,
5550000,5560000,0,,,,,
5560000,5570000,0,,,,,
5570000,5580000,0,,,,,
5580000,5590000,0,,,,,
5590000,5600000,0,,,,,
5600000,5610000,0,,,,,
5610000,5620000,0,,,,,
5620000,5630000,0,,,,,
5630000,5640000,0,,,,,
5640000,5650000,0,,,,,
5650000,5660000,0,,,,,
5660000,5670000,0,,,,,
5670000,5680000,0,,,,,
5680000,5690000,0,,,,,
5690000,5700000,0,,,,,
5700000,5710000,0,,,,,
5710000,5720000,0,,,,,
5720000,5730000,0,,,,,
5730000,5740000,0,,,,,
5740000,5750000,0,,,,,
5750000,5760000,0,,,,,
5760000,5770000,0,,,,,
5770000,5780000,0,,,,,
5780000,5790000,0,,,,,
5790000,5800000,0,,,,,
5800000,5810000,0,,,,,
5810000,5820000,0,,,,,
5820000,5830000,0,,,,,
5830000,5840000,0,,,,,
5840000,5850000,0,,,,,
5850000,5860000,0,,,,,
5860000,5870000,0,,,,,
5870000,5880000,0,,,,,
5880000,5890000,0,,,,,
5890000,5900000,0,,,,,
5900000,5910000,0,,,,,
5910000,5920000,0,,,,,
5920000,5930000,0,,,,,
5930000,5940000,0,,,,,
5940000,5950000,0,,,,,
5950000,5960000,0,,,,,
5960000,5970000,0,,,,,
5970000,5980000,0,,,,,
5980000,5990000,0,,,,,
5990000,6000000,0,,,,,
6000000,6010000,0,,,,,
6010000,6020000,0,,,,,
6020000,6030000,0,,,,,
6030000,6040000,0,,,,,
6040000,6050000,0,,,,,
6050000,6060000,0,,,,,
6060000,6070000,0,,,,,
6070000,6080000,0,,,,,
6080000,6090000,0,,,,,
6090000,6100000,0,,,,,
6100000,6110000,0,,,,,
6110000,6120000,0,,,,,
6120000,6130000,0,,,,,
6130000,6140000,0,,,,,
6140000,6150000,0,,,,,
6150000,6160000,0,,,,,
6160000,6170000,0,,,,,
6170000,6180000,0,,,,,
6180000,6190000,0,,,,,
6190000,6200000,0,,,,,
6200000,6210000,0,,,,,
6210000,6220000,0,,,,,
6220000,6230000,0,,,,,
6230000,6240000,0,,,,,
6240000,6250000,0,,,,,
6250000,6260000,0,,,,,
6260000,6270000,0,,,,,
6270000,6280000,0,,,,,
6280000,6290000,0,,,,,
6290000,6300000,0,,,,,
6300000,6310000,0,,,,,
6310000,6320000,0,,,,,
6320000,6330000,0,,,,,
6330000,6340000,0,,,,,
6340000,6350000,0,,,,,
6350000,6360000,0,,,,,
6360000,6370000,0,,,,,
6370000,6380000,0,,,,,
6380000,6390000,0,,,,,
6390000,6400000,0,,,,,
6400000,6410000,0,,,,,
6410000,6420000,0,,,,,
6420000,6430000,0,,,,,
6430000,6440000,0,,,,,
6440000,6450000,0,,,,,
6450000,6460000,0,,,,,
6460000,6470000,0,,,,,
6470000,6480000,0,,,,,
6480000,6490000,0,,,,,
6490000,6500000,0,,,,,
6500000,6510000,0,,,,,
6510000,6520000,0,,,,,
6520000,6530000,0,,,,,
6530000,6540000,0,,,,,
6540000,6550000,0,,,,,
6550000,6560000,0,,,,,
6560000,6570000,0,,,,,
6570000,6580000,0,,,,,
6580000,6590000,0,,,,,
6590000,6600000,0,,,,,
6600000,6610000,0,,,,,
6610000,6620000,0,,,,,
6620000,6630000,0,,,,,
6630000,6640000,0,,,,,
6640000,6650000,0,,,,,
6650000,6660000,0,,,,,
6660000,6670000,0,,,,,
6670000,6680000,0,,,,,
6680000,6690000,0,,,,,
6690000,6700000,0,,,,,
6700000,6710000,0,,,,,
6710000,6720000,0,,,,,
6720000,6730000,0,,,,,
6730000,6740000,0,,,,,
6740000,6750000,0,,,,,
6750000,6760000,0,,,,,
6760000,6770000,0,,,,,
6770000,6780000,0,,,,,
6780000,6790000,0,,,,,
6790000,6800000,0,,,,,
6800000,6810000,0,,,,,
6810000,6820000,0,,,,,
6820000,6830000,0,,,,,
6830000,6840000,0,,,,,
6840000,6850000,0,,,,,
6850000,6860000,0,,,,,
6860000,6870000,0,,,,,
6870000,6880000,0,,,,,
6880000,6890000,0,,,,,
6890000,6900000,0,,,,,
6900000,6910000,0,,,,,
6910000,6920000,0,,,,,
6920000,6930000,0,,,,,
6930000,6940000,0,,,,,
6940000,6950000,0,,,,,
6950000,6960000,0,,,,,
6960000,6970000,0,,,,,
6970000,6980000,0,,,,,
6980000,6990000,0,,,,,
6990000,7000000,0,,,,,
7000000,7010000,0,,,,,
7010000,7020000,0,,,,,
7020000,7030000,0,,,,,
7030000,7040000,0,,,,,
7040000,7050000,0,,,,,
7050000,7060000,0,,,,,
7060000,7070000,0,,,,,
7070000,7080000,0,,,,,
7080000,7090000,0,,,,,
7090000,7100000,0,,,,,
7100000,7110000,0,,,,,
7110000,7120000,0,,,,,
7120000,7130000,0,,,,,
7130000,7140000,0,,,,,
7140000,7150000,0,,,,,
7150000,7160000,0,,,,,
7160000,7170000,0,,,,,
7170000,7180000,0,,,,,
7180000,7190000,0,,,,,
7190000,7200000,0,,,,,
7200000,7210000,0,,,,,
7210000,7220000,0,,,,,
7220000,7230000,0,,,,,
7230000,7240000,0,,,,,
7240000,7250000,0,,,,,
7250000,7260000,0,,,,,
7260000,7270000,0,,,,,
7270000,7280000,0,,,,,
7280000,7290000,0,,,,,
7290000,7300000,0,,,,,
7300000,7310000,0,,,,,
7310000,7320000,0,,,,,
7320000,7330000,0,,,,,
7330000,7340000,0,,,,,
7340000,7350000,0,,,,,
7350000,7360000,0,,,,,
7360000,7370000,0,,,,,
7370000,7380000,0,,,,,
7380000,7390000,0,,,,,
7390000,7400000,0,,,,,
7400000,7410000,0,,,,,
7410000,7420000,0,,,,,
7420000,7430000,0,,,,,
7430000,7440000,0,,,,,
7440000,7450000,0,,,,,
7450000,7460000,0,,,,,
7460000,7470000,0,,,,,
7470000,7480000,0,,,,,
7480000,7490000,0,,,,,
7490000,7500000,0,,,,,
7500000,7510000,0,,,,,
7510000,7520000,0,,,,,
7520000,7530000,0,,,,,
7530000,7540000,0,,,,,
7540000,7550000,0,,,,,
7550000,7560000,0,,,,,
7560000,7570000,0,,,,,
7570000,7580000,0,,,,,
7580000,7590000,0,,,,,
7590000,7600000,0,,,,,
7600000,7610000,0,,,,,
7610000,7620000,0,,,,,
7620000,7630000,0,,,,,
7630000,7640000,0,,,,,
7640000,7650000,0,,,,,
7650000,7660000,0,,,,,
7660000,7670000,0,,,,,
7670000,7680000,0,,,,,
7680000,7690000,0,,,,,
7690000,7700000,0,,,,,
7700000,7710000,0,,,,,
7710000,7720000,0,,,,,
7720000,7730000,0,,,,,
7730000,7740000,0,,,,,
7740000,7750000,0,,,,,
7750000,7760000,0,,,,,
7760000,7770000,0,,,,,
7770000,7780000,0,,,,,
7780000,7790000,0,,,,,
7790000,7800000,0,,,,,
7800000,7810000,0,,,,,
7810000,7820000,0,,,,,
7820000,7830000,0,,,,,
7830000,7840000,0,,,,,
7840000,7850000,0,,,,,
7850000,7860000,0,,,,,
7860000,7870000,0,,,,,
7870000,7880000,0,,,,,
7880000,7890000,0,,,,,
7890000,7900000,0,,,,,
7900000,7910000,0,,,,,
7910000,7920000,0,,,,,
7920000,7930000,0,,,,,
7930000,7940000,0,,,,,
7940000,7950000,0,,,,,
7950000,7960000,0,,,,,
7960000,7970000,0,,,,,
7970000,7980000,0,,,,,
7980000,7990000,0,,,,,
7990000,8000000,0,,,,,
8000000,8010000,0,,,,,
8010000,8020000,0,,,,,
8020000,8030000,0,,,,,
8030000,8040000,0,,,,,
8040000,8050000,0,,,,,
8050000,8060000,0,,,,,
8060000,8070000,0,,,,,
8070000,8080000,0,,,,,
8080000,8090000,0,,,,,
8090000,8100000,0,,,,,
8100000,8110000,0,,,,,
8110000,8120000,0,,,,,
8120000,8130000,0,,,,,
8130000,8140000,0,,,,,
8140000,8150000,0,,,,,
8150000,8160000,0,,,,,
8160000,8170000,0,,,,,
8170000,8180000,0,,,,,
8180000,8190000,0,,,,,
8190000,8200000,0,,,,,
8200000,8210000,0,,,,,
8210000,8220000,0,,,,,
8220000,8230000,0,,,,,
8230000,8240000,0,,,,,
8240000,8250000,0,,,,,
8250000,8260000,0,,,,,
8260000,8270000,0,,,,,
8270000,8280000,0,,,,,
8280000,8290000,0,,,,,
8290000,8300000,0,,,,,
8300000,8310000,0,,,,,
8310000,8320000,0,,,,,
8320000,8330000,0,,,,,
8330000,8340000,0,,,,,
8340000,8350000,0,,,,,
8350000,8360000,0,,,,,
8360000,8370000,0,,,,,
8370000,8380000,0,,,,,
8380000,8390000,0,,,,,
8390000,8400000,0,,,,,
8400000,8410000,0,,,,,
8410000,8420000,0,,,,,
8420000,8430000,0,,,,,
8430000,8440000,0,,,,,
8440000,8450000,0,,,,,
8450000,8460000,0,,,,,
8460000,8470000,0,,,,,
8470000,8480000,0,,,,,
8480000,8490000,0,,,,,
8490000,8500000,0,,,,,
8500000,8510000,0,,,,,
8510000,8520000,0,,,,,
8520000,8530000,0,,,,,
8530000,8540000,0,,,,,
8540000,8550000,0,,,,,
8550000,8560000,0,,,,,
8560000,8570000,0,,,,,
8570000,8580000,0,,,,,
8580000,8590000,0,,,,,
8590000,8600000,0,,,,,
8600000,8610000,0,,,,,
8610000,8620000,0,,,,,
8620000,8630000,0,,,,,
8630000,8640000,0,,,,,
8640000,8650000,0,,,,,
8650000,8660000,0,,,,,
8660000,8670000,0,,,,,
8670000,8680000,0,,,,,
8680000,8690000,0,,,,,
8690000,8700000,0,,,,,
8700000,8710000,0,,,,,
8710000,8720000,0,,,,,
8720000,8730000,0,,,,,
8730000,8740000,0,,,,,
8740000,8750000,0,,,,,
8750000,8760000,0,,,,,
8760000,8770000,0,,,,,
8770000,8780000,0,,,,,
8780000,8790000,0,,,,,
8790000,8800000,0,,,,,
8800000,8810000,0,,,,,
8810000,8820000,0,,,,,
8820000,8830000,0,,,,,
8830000,8840000,0,,,,,
8840000,8850000,0,,,,,
8850000,8860000,0,,,,,
8860000,8870000,0,,,,,
8870000,8880000,0,,,,,
8880000,8890000,0,,,,,
8890000,8900000,0,,,,,
8900000,8910000,0,,,,,
8910000,8920000,0,,,,,
8920000,8930000,0,,,,,
8930000,8940000,0,,,,,
8940000,8950000,0,,,,,
8950000,8960000,0,,,,,
8960000,8970000,0,,,,,
8970000,8980000,0,,,,,
8980000,8990000,0,,,,,
8990000,9000000,0,,,,,
9000000,9010000,0,,,,,
9010000,9020000,0,,,,,
9020000,9030000,0,,,,,
9030000,9040000,0,,,,,
9040000,9050000,0,,,,,
9050000,9060000,0,,,,,
9060000,9070000,0,,,,,
9070000,9080000,0,,,,,
9080000,9090000,0,,,,,
9090000,9100000,0,,,,,
9100000,9110000,0,,,,,
9110000,9120000,0,,,,,
9120000,9130000,0,,,,,
9130000,9140000,0,,,,,
9140000,9150000,0,,,,,
9150000,9160000,0,,,,,
9160000,9170000,0,,,,,
9170000,9180000,0,,,,,
9180000,9190000,0,,,,,
9190000,9200000,0,,,,,
9200000,9210000,0,,,,,
9210000,9220000,0,,,,,
9220000,9230000,0,,,,,
9230000,9240000,0,,,,,
9240000,9250000,0,,,,,
9250000,9260000,0,,,,,
9260000,9270000,0,,,,,
9270000,9280000,0,,,,,
9280000,9290000,0,,,,,
9290000,9300000,0,,,,,
9300000,9310000,0,,,,,
9310000,9320000,0,,,,,
9320000,9330000,0,,,,,
9330000,9340000,0,,,,,
9340000,9350000,0,,,,,
9350000,9360000,0,,,,,
9360000,9370000,0,,,,,
9370000,9380000,0,,,,,
9380000,9390000,0,,,,,
9390000,9400000,0,,,,,
9400000,9410000,0,,,,,
9410000,9420000,0,,,,,
9420000,9430000,0,,,,,
9430000,9440000,0,,,,,
9440000,9450000,0,,,,,
9450000,9460000,0,,,,,
9460000,9470000,0,,,,,
9470000,9480000,0,,,,,
9480000,9490000,0,,,,,
9490000,9500000,0,,,,,
9500000,9510000,0,,,,,
9510000,9520000,0,,,,,
9520000,9530000,0,,,,,
9530000,9540000,0,,,,,
9540000,9550000,0,,,,,
9550000,9560000,0,,,,,
9560000,9570000,0,,,,,
9570000,9580000,0,,,,,
9580000,9590000,0,,,,,
9590000,9600000,0,,,,,
9600000,9610000,0,,,,,
9610000,9620000,0,,,,,
9620000,9630000,0,,,,,
9630000,9640000,0,,,,,
9640000,9650000,0,,,,,
9650000,9660000,0,,,,,
9660000,9670000,0,,,,,
9670000,9680000,0,,,,,
9680000,9690000,0,,,,,
9690000,9700000,0,,,,,
9700000,9710000,0,,,,,
9710000,9720000,0,,,,,
9720000,9730000,0,,,,,
9730000,9740000,0,,,,,
9740000,9750000,0,,,,,
9750000,9760000,0,,,,,
9760000,9770000,0,,,,,
9770000,9780000,0,,,,,
9780000,9790000,0,,,,,
9790000,9800000,0,,,,,
9800000,9810000,0,,,,,
9810000,9820000,0,,,,,
9820000,9830000,0,,,,,
9830000,9840000,0,,,,,
9840000,9850000,0,,,,,
9850000,9860000,0,,,,,
9860000,9870000,0,,,,,
9870000,9880000,0,,,,,
9880000,9890000,0,,,,,
9890000,9900000,0,,,,,
9900000,9910000,0,,,,,
9910000,9920000,0,,,,,
9920000,9930000,0,,,,,
9930000,9940000,0,,,,,
9940000,9950000,0,,,,,
9950000,9960000,0,,,,,
9960000,9970000,0,,,,,
9970000,9980000,0,,,,,
9980000,9990000,0,,,,,
9990000,10000000,0,,,,,
